<?xml version="1.0" encoding="UTF-8"?>
<settings>
    <type>bar</type>
    <text_size>20</text_size>
    <text_color>FFFFFF</text_color>
    <data_type>csv</data_type>
    <background>
        <color>000000</color>
        <alpha>100</alpha>
        <border_alpha>100</border_alpha>
    </background>
    <plot_area>
        <border_alpha>6</border_alpha>
        <margins>
            <left>150</left>
            <right>50</right>
            <top>65</top>
        </margins>
    </plot_area>
    <grid>
        <category>
            <alpha>5</alpha>
        </category>
        <value>
            <alpha>5</alpha>
        </value>
    </grid>
    <axes>
        <category>
            <width>1</width>
            <alpha>15</alpha>
        </category>
        <value>
            <width>1</width>
            <alpha>15</alpha>
        </value>
    </axes>
    <values>
        <value>
            <min>0</min>
        </value>
    </values>
    <balloon>
        <alpha>80</alpha>
        <text_color>000000</text_color>
        <corner_radius>5</corner_radius>
        <border_width>3</border_width>
        <border_color>000000</border_color>
        <border_alpha>60</border_alpha>
    </balloon>
    <legend>
        <width>1500</width>
        <spacing>5</spacing>
        
    </legend>
    <column>
        <type>stacked</type>
        <width>50</width>
        <spacing>0</spacing>
        <balloon_text>{title}: {value}</balloon_text>
        <data_labels><![CDATA[<b>{value}</b>]]>
        </data_labels>
        <grow_time>1</grow_time>
        <grow_effect>regular</grow_effect>        
    </column>
    <depth>0</depth>
    <angle>0</angle>
    <line>
        <balloon_text>{value}</balloon_text>
        <data_labels>{value}</data_labels>
    </line>
    <graphs>
        <graph gid="0">
            <title>Domains</title>
            <color>#4573A7</color>
        </graph>
        <graph gid="1">
            <title>Web</title>
            <color>#AA4644</color>
        </graph>
        <graph gid="2">
            <title>Email</title>
            <color>#89A54E</color>
        </graph>
        <graph gid="3">
            <title>Billing</title>
            <color>#71588F</color>
        </graph>
        <graph gid="4">
            <title>others</title>
            <color>B5B8D3</color>
        </graph>
    </graphs>
    <labels>
        <label lid="0">
            <text><![CDATA[<b>Tickets<b>]]>
            </text>
            <y>18</y>
            <align>center</align>
        </label>
    </labels>
</settings>