<?xml version="1.0" encoding="UTF-8"?>
<project-private xmlns="http://www.netbeans.org/ns/project-private/1">
    <editor-bookmarks xmlns="http://www.netbeans.org/ns/editor-bookmarks/1"/>
    <open-files xmlns="http://www.netbeans.org/ns/projectui-open-files/1">
        <file>file:/C:/xampp/htdocs/cal_new/application/controllers/calendar.php</file>
        <file>file:/C:/xampp/htdocs/cal_new/application/views/cal_main_view.php</file>
        <file>file:/C:/xampp/htdocs/cal_new/application/views/layout/main.php</file>
        <file>file:/C:/xampp/htdocs/cal_new/css/style.css</file>
        <file>file:/C:/xampp/htdocs/cal_new/application/models/calendar_model.php</file>
    </open-files>
</project-private>
