<?xml version='1.0' encoding='windows-1252' ?>
<ftstdata>
<topic name="Adding funds in your Debit Account" url="Customer_Control_Panel_Guide/Manage_Billing/adding_funds_to_your_debit_account.htm" />
<topic name="Canceling an Order/Invoice" url="Customer_Control_Panel_Guide/Manage_Billing/canceling_an_order_invoice.htm" />
<topic name="Executing an Order/Balancing an Invoice or Debit Note" url="Customer_Control_Panel_Guide/Manage_Billing/Executing_an_Order_Balancing_an_Invoice_or_Debit_Note.htm" />
<topic name="Listing and Searching Transactions" url="Customer_Control_Panel_Guide/Manage_Billing/listing_and_searching_transactions.htm" />
<topic name="Requesting a Refund" url="Customer_Control_Panel_Guide/Manage_Billing/requesting_a_refund.htm" />
<topic name="What are Locked Funds?" url="Customer_Control_Panel_Guide/Manage_Billing/what_are_locked_funds_.htm" />
<topic name="Viewing your Login History" url="Customer_Control_Panel_Guide/viewing_your_login_history.htm" />
<topic name="Changing the Password to your Control Panel" url="Customer_Control_Panel_Guide/Your_Profile_and_Settings/changing_the_password_to_your_control_panel.htm" />
<topic name="Changing your Control Panel Username (Email Address)" url="Customer_Control_Panel_Guide/Your_Profile_and_Settings/changing_your_control_panel_username.htm" />
<topic name="Setting your Language Preferences" url="Customer_Control_Panel_Guide/Your_Profile_and_Settings/setting_your_language_preferences.htm" />
<topic name="Setting your Mail Preferences" url="Customer_Control_Panel_Guide/Your_Profile_and_Settings/setting_your_mail_preferences.htm" />
<topic name="Buying a Domain Forwarding Service" url="Domain_Forwarding/buying_a_domain_forwarding_service.htm" />
<topic name="Deleting a Domain Forwarding Service" url="Domain_Forwarding/deleting_a_domain_forwarding_service.htm" />
<topic name="Getting started with Domain forwarding" url="Domain_Forwarding/Getting_started_with_Domain_forwarding.htm" />
<topic name="IMPORTANT: Change the Name Servers for your Domain Name" url="Domain_Forwarding/important__change_the_name_servers_for_your_domain_name.htm" />
<topic name="Listing and Searching Orders" url="Domain_Forwarding/Listing_and_Searching_Orders1.htm" />
<topic name="Path Forwarding" url="Domain_Forwarding/Managing_a_Domain_Forwarding_Service/Path_Forwarding.htm" />
<topic name="Setting the Destination URL for the Domain Name" url="Domain_Forwarding/Managing_a_Domain_Forwarding_Service/Setting_the_Destination_URL_for_the_Domain_Name.htm" />
<topic name="Sub-Domain Forwarding" url="Domain_Forwarding/Managing_a_Domain_Forwarding_Service/Sub-Domain_Forwarding.htm" />
<topic name="URL Masking" url="Domain_Forwarding/Managing_a_Domain_Forwarding_Service/url_masking.htm" />
<topic name="Moving or Pushing a Domain Forwarding Order from one Control Panel to another" url="Domain_Forwarding/moving_or_pushing_a_domain_forwarding_order_from_one_control_panel_to_another.htm" />
<topic name="Renewing a Domain Forwarding Service" url="Domain_Forwarding/renewing_a_domain_forwarding_service.htm" />
<topic name="Suspending / Unsuspending a Domain Forwarding Service" url="Domain_Forwarding/suspending___unsuspending_a_domain_forwarding_service.htm" />
<topic name="What is Domain Forwarding and how do I use it?" url="Domain_Forwarding/what_is_domain_forwarding_and_how_do_i_use_it_.htm" />
<topic name="Bulk Lock/Unlock" url="Domain_Names/Bulk_Domain_Registration_and_Management/bulk_lock_unlock.htm" />
<topic name="Bulk Modify" url="Domain_Names/Bulk_Domain_Registration_and_Management/bulk_modify.htm" />
<topic name="Bulk Registration" url="Domain_Names/Bulk_Domain_Registration_and_Management/bulk_registration.htm" />
<topic name="Bulk Suspend/Unsuspend" url="Domain_Names/Bulk_Domain_Registration_and_Management/bulk_suspend_unsuspend.htm" />
<topic name="Changing Name Servers of a Domain Name" url="Domain_Names/changing_name_servers_of_a_domain_name.htm" />
<topic name="Domain Name Deletion" url="Domain_Names/Domain_Name_Deletion/Domain_Name_Deletion.htm" />
<topic name="Redemption Grace Period, and getting your Domain Name back from it (Restoring a Domain Name)" url="Domain_Names/Domain_Name_Deletion/redemption_grace_period,_and_getting_your_domain_name_back_from_it_(restoring_a_domain_name).htm" />
<topic name="Domain Name Expiry/Domain Name put on Parking Page" url="Domain_Names/domain_name_expiry_domain_name_put_on_parking_page.htm" />
<topic name="Domain Name Registration Default Settings" url="Domain_Names/domain_name_registration_default_settings.htm" />
<topic name="Introduction to Domain Names" url="Domain_Names/introduction_to_domain_names.htm" />
<topic name="Listing and Searching Orders" url="Domain_Names/listing_and_searching_orders.htm" />
<topic name="Locking/Unlocking Domain Names" url="Domain_Names/Locking_Unlocking_Domain_Names.htm" />
<topic name="Managing the Transfer Secret for Domain names" url="Domain_Names/managing_the_transfer_secret_for_domain_names.htm" />
<topic name="How do I check the Whois for my Domain Name?" url="Domain_Names/Managing_Whois_or_Contact_Details_of_a_Domain_Name/how_do_i_check_the_whois_for_my_domain_name_.htm" />
<topic name="Modifying the Whois/Contact Details of a Domain Name" url="Domain_Names/Managing_Whois_or_Contact_Details_of_a_Domain_Name/modifying_the_whois_contact_details_of_a_domain_name.htm" />
<topic name="Regulations to be followed while updating contact details of specific domain names" url="Domain_Names/Managing_Whois_or_Contact_Details_of_a_Domain_Name/regulations_to_be_followed_while_updating_contact_details_of_specific_domain_names.htm" />
<topic name="Moving or Pushing a Domain Name from one Control Panel to another" url="Domain_Names/moving_or_pushing_a_domain_name_from_one_control_panel_to_another.htm" />
<topic name="Registering and Managing Child Name Servers" url="Domain_Names/registering_and_managing_child_name_servers.htm" />
<topic name="Registering Domain Names" url="Domain_Names/registering_domain_names.htm" />
<topic name="Bulk Renewal of Domain Names" url="Domain_Names/Renewal_of_Domain_Names/bulk_renewal_of_domain_names.htm" />
<topic name="Renewal of a Single Domain Name" url="Domain_Names/Renewal_of_Domain_Names/renewal_of_a_single_domain_name.htm" />
<topic name="Renewal Reminder Emails" url="Domain_Names/Renewal_of_Domain_Names/renewal_reminder_emails.htm" />
<topic name="Suspending/Unsuspending Domain Names" url="Domain_Names/suspending_unsuspending_domain_names.htm" />
<topic name="Check if your Domain Name can be Transferred" url="Domain_Names/Transfer_of_Domain_Names/Check_if_your_Domain_Name_can_be_Transferred.htm" />
<topic name="Lost one year while transferring a Domain Name" url="Domain_Names/Transfer_of_Domain_Names/lost_one_year_while_transferring_a_domain_name.htm" />
<topic name="Transferring a .COM/.NET Domain Name to Another Registrar" url="Domain_Names/Transfer_of_Domain_Names/Transferring_Domain_Names_from_Us_to_another_Registrar/transferring_a_.com_.net_domain_name_to_another_registrar_.htm" />
<topic name="Transferring a .ORG/.INFO/.BIZ/.US/.NAME/.IN Domain Name to Another Registrar" url="Domain_Names/Transfer_of_Domain_Names/Transferring_Domain_Names_from_Us_to_another_Registrar/transferring_a_.org_.info_.biz_.us_.name_.in_domain_name_to_another_registrar.htm" />
<topic name="Bulk Transfer of Domain Names" url="Domain_Names/Transfer_of_Domain_Names/Transferring_Domain_Names_to_Us/bulk_transfer_of_domain_names.htm" />
<topic name="Canceling a Domain Name Transfer" url="Domain_Names/Transfer_of_Domain_Names/Transferring_Domain_Names_to_Us/canceling_a_domain_name_transfer.htm" />
<topic name="Admin Contact Email Address Changed, but Authorization Mail goes to old Email Address" url="Domain_Names/Transfer_of_Domain_Names/Transferring_Domain_Names_to_Us/Domain_Name_Transfer_Caveats/admin_contact_email_address_changed,_but_authorization_mail_goes_to_old_email_address.htm" />
<topic name="Cannot see the Child Name Servers of my Transferred Domain Name" url="Domain_Names/Transfer_of_Domain_Names/Transferring_Domain_Names_to_Us/Domain_Name_Transfer_Caveats/cannot_see_the_child_name_servers_of_my_transferred_domain_name.htm" />
<topic name="Error: Trying to fetch Admin Contact Email Address" url="Domain_Names/Transfer_of_Domain_Names/Transferring_Domain_Names_to_Us/Domain_Name_Transfer_Caveats/error__trying_to_fetch_admin_contact_email_address.htm" />
<topic name="Transfer completed, but Domain Name is still Inactive" url="Domain_Names/Transfer_of_Domain_Names/Transferring_Domain_Names_to_Us/Domain_Name_Transfer_Caveats/transfer_completed,_but_domain_name_is_still_inactive.htm" />
<topic name="Transferring .COM/.NET Domain Names" url="Domain_Names/Transfer_of_Domain_Names/Transferring_Domain_Names_to_Us/transferring_.com_.net_domain_names.htm" />
<topic name="Transferring .ORG/.INFO/.BIZ/.US/.NAME/.IN/3rd level .IN Domain Names" url="Domain_Names/Transfer_of_Domain_Names/Transferring_Domain_Names_to_Us/transferring_.org_.info_.biz_.us_.name_.in_3rd_level_.in_domain_names.htm" />
<topic name="Understanding the status of a Domain Name Transfer" url="Domain_Names/Transfer_of_Domain_Names/Transferring_Domain_Names_to_Us/understanding_the_status_of_a_domain_name_transfer.htm" />
<topic name="Viewing the Action History for Domain Names" url="Domain_Names/viewing_the_action_history_for_domain_names.htm" />
<topic name="Whois Data Reminders" url="Domain_Names/whois_data_reminders.htm" />
<topic name="Buying a Mail Forwarding Service" url="Email_Forwarding/buying_a_mail_forwarding_service.htm" />
<topic name="Deleting a Mail Forwarding Service" url="Email_Forwarding/deleting_a_mail_forwarding_service.htm" />
<topic name="Getting started with Mail forwarding" url="Email_Forwarding/Getting_started_with_Mail_forwarding.htm" />

</ftstdata>  
